Hash,Username,SID,ProcessName,Handles,VM,WS,Path,PSComputerName,RunspaceId,PSShowComputerName,__GENUS,__CLASS,__SUPERCLASS,__DYNASTY,__RELPATH,__PROPERTY_COUNT,__DERIVATION,__SERVER,__NAMESPACE,__PATH,Caption,CommandLine,CreationClassName,CreationDate,CSCreationClassName,CSName,Description,ExecutablePath,ExecutionState,Handle,HandleCount,InstallDate,KernelModeTime,MaximumWorkingSetSize,MinimumWorkingSetSize,Name,OSCreationClassName,OSName,OtherOperationCount,OtherTransferCount,PageFaults,PageFileUsage,ParentProcessId,PeakPageFileUsage,PeakVirtualSize,PeakWorkingSetSize,Priority,PrivatePageCount,ProcessId,QuotaNonPagedPoolUsage,QuotaPagedPoolUsage,QuotaPeakNonPagedPoolUsage,QuotaPeakPagedPoolUsage,ReadOperationCount,ReadTransferCount,SessionId,Status,TerminationDate,ThreadCount,UserModeTime,VirtualSize,WindowsVersion,WorkingSetSize,WriteOperationCount,WriteTransferCount
Get-WmiObject query returned no executable path.,\,,System Idle Process,0,65536,4096,,PCWIN101337,32215833-8848-496c-bc78-53ee82512e99,TRUE,2,Win32_Process,CIM_Process,CIM_ManagedSystemElement,"Win32_Process.Handle=""0""",45,CIM_Process CIM_LogicalElement CIM_ManagedSystemElement,PCWIN101337,root\cimv2,"\\PCWIN101337\root\cimv2:Win32_Process.Handle=""0""",System Idle Process,,Win32_Process,20180201214531.774675+000,Win32_ComputerSystem,PCWIN101337,System Idle Process,,,0,0,,1.63E+11,,,System Idle Process,Win32_OperatingSystem,Microsoft Windows 10 Enterprise|C:\Windows|\Device\Harddisk0\Partition1,0,0,2,0,0,0,65536,4,0,0,0,0,0,0,0,0,0,0,,,1,0,65536,10.0.14393,4096,0,0
Get-WmiObject query returned no executable path.,\,,System,971,3567616,20480,,PCWIN101337,32215833-8848-496c-bc78-53ee82512e99,TRUE,2,Win32_Process,CIM_Process,CIM_ManagedSystemElement,"Win32_Process.Handle=""4""",45,CIM_Process CIM_LogicalElement CIM_ManagedSystemElement,PCWIN101337,root\cimv2,"\\PCWIN101337\root\cimv2:Win32_Process.Handle=""4""",System,,Win32_Process,20180201214531.774675+000,Win32_ComputerSystem,PCWIN101337,System,,,4,971,,4104375000,,,System,Win32_OperatingSystem,Microsoft Windows 10 Enterprise|C:\Windows|\Device\Harddisk0\Partition1,2059779,71342996,2818041,124,0,244,66969600,56496,8,126976,4,0,0,0,0,1203,126759239,0,,,99,0,3567616,10.0.14393,20480,6241,237583103
Get-WmiObject query returned no executable path.,NT AUTHORITY\SYSTEM,,smss.exe,51,2.20E+12,36864,,PCWIN101337,32215833-8848-496c-bc78-53ee82512e99,TRUE,2,Win32_Process,CIM_Process,CIM_ManagedSystemElement,"Win32_Process.Handle=""504""",45,CIM_Process CIM_LogicalElement CIM_ManagedSystemElement,PCWIN101337,root\cimv2,"\\PCWIN101337\root\cimv2:Win32_Process.Handle=""504""",smss.exe,,Win32_Process,20180201214531.782458+000,Win32_ComputerSystem,PCWIN101337,smss.exe,,,504,51,,2343750,,,smss.exe,Win32_OperatingSystem,Microsoft Windows 10 Enterprise|C:\Windows|\Device\Harddisk0\Partition1,352,6016,1094,368,4,464,2.20E+12,1908,11,376832,504,3,13,7,55,8,21041,0,,,2,0,2.20E+12,10.0.14393,36864,2,33
Get-WmiObject query returned no executable path.,NT AUTHORITY\SYSTEM,,csrss.exe,507,2.20E+12,1716224,,PCWIN101337,32215833-8848-496c-bc78-53ee82512e99,TRUE,2,Win32_Process,CIM_Process,CIM_ManagedSystemElement,"Win32_Process.Handle=""592""",45,CIM_Process CIM_LogicalElement CIM_ManagedSystemElement,PCWIN101337,root\cimv2,"\\PCWIN101337\root\cimv2:Win32_Process.Handle=""592""",csrss.exe,,Win32_Process,20180201214534.509013+000,Win32_ComputerSystem,PCWIN101337,csrss.exe,,,592,507,,17968750,,,csrss.exe,Win32_OperatingSystem,Microsoft Windows 10 Enterprise|C:\Windows|\Device\Harddisk0\Partition1,23215,730218,15120,1384,584,1540,2.20E+12,4244,13,1417216,592,14,157,16,167,997,798460,0,,,10,5781250,2.20E+12,10.0.14393,1716224,0,0
Get-WmiObject query returned no executable path.,NT AUTHORITY\SYSTEM,,csrss.exe,465,2.20E+12,2969600,,PCWIN101337,32215833-8848-496c-bc78-53ee82512e99,TRUE,2,Win32_Process,CIM_Process,CIM_ManagedSystemElement,"Win32_Process.Handle=""660""",45,CIM_Process CIM_LogicalElement CIM_ManagedSystemElement,PCWIN101337,root\cimv2,"\\PCWIN101337\root\cimv2:Win32_Process.Handle=""660""",csrss.exe,,Win32_Process,20180201214534.668488+000,Win32_ComputerSystem,PCWIN101337,csrss.exe,,,660,465,,19843750,,,csrss.exe,Win32_OperatingSystem,Microsoft Windows 10 Enterprise|C:\Windows|\Device\Harddisk0\Partition1,7162,80376,94845,1680,652,9540,2.20E+12,11484,13,1720320,660,18,379,25,603,78359,2662503,1,,,11,2968750,2.20E+12,10.0.14393,2969600,0,0
Get-WmiObject query returned no executable path.,NT AUTHORITY\SYSTEM,,wininit.exe,89,2.20E+12,28672,,PCWIN101337,32215833-8848-496c-bc78-53ee82512e99,TRUE,2,Win32_Process,CIM_Process,CIM_ManagedSystemElement,"Win32_Process.Handle=""668""",45,CIM_Process CIM_LogicalElement CIM_ManagedSystemElement,PCWIN101337,root\cimv2,"\\PCWIN101337\root\cimv2:Win32_Process.Handle=""668""",wininit.exe,,Win32_Process,20180201214534.669828+000,Win32_ComputerSystem,PCWIN101337,wininit.exe,,,668,89,,625000,,,wininit.exe,Win32_OperatingSystem,Microsoft Windows 10 Enterprise|C:\Windows|\Device\Harddisk0\Partition1,611,4124,1935,952,584,1260,2.20E+12,5244,13,974848,668,9,101,11,103,1,9216,0,,,1,0,2.20E+12,10.0.14393,28672,0,0
B2151FE002A8D3F41E2DF935F260E3A8,NT AUTHORITY\SYSTEM,,winlogon.exe,196,2.20E+12,1728512,C:\Windows\system32\winlogon.exe,PCWIN101337,32215833-8848-496c-bc78-53ee82512e99,TRUE,2,Win32_Process,CIM_Process,CIM_ManagedSystemElement,"Win32_Process.Handle=""716""",45,CIM_Process CIM_LogicalElement CIM_ManagedSystemElement,PCWIN101337,root\cimv2,"\\PCWIN101337\root\cimv2:Win32_Process.Handle=""716""",winlogon.exe,winlogon.exe,Win32_Process,20180201214534.733735+000,Win32_ComputerSystem,PCWIN101337,winlogon.exe,C:\Windows\system32\winlogon.exe,,716,196,,1406250,1380,200,winlogon.exe,Win32_OperatingSystem,Microsoft Windows 10 Enterprise|C:\Windows|\Device\Harddisk0\Partition1,748,174052,6903,1932,652,3040,2.20E+12,13056,13,1978368,716,9,124,14,133,3,177616,1,,,4,468750,2.20E+12,10.0.14393,1728512,1,160
Get-WmiObject query returned no executable path.,NT AUTHORITY\SYSTEM,,services.exe,273,2.20E+12,4456448,,PCWIN101337,32215833-8848-496c-bc78-53ee82512e99,TRUE,2,Win32_Process,CIM_Process,CIM_ManagedSystemElement,"Win32_Process.Handle=""772""",45,CIM_Process CIM_LogicalElement CIM_ManagedSystemElement,PCWIN101337,root\cimv2,"\\PCWIN101337\root\cimv2:Win32_Process.Handle=""772""",services.exe,,Win32_Process,20180201214534.921322+000,Win32_ComputerSystem,PCWIN101337,services.exe,,,772,273,,45312500,,,services.exe,Win32_OperatingSystem,Microsoft Windows 10 Enterprise|C:\Windows|\Device\Harddisk0\Partition1,39215,198076,47177,3096,668,3792,2.20E+12,12320,9,3170304,772,10,123,14,134,5,377972,0,,,6,21406250,2.20E+12,10.0.14393,4456448,1,160
6F8E95716C1A27FF2FE96D30B147F1C1,NT AUTHORITY\SYSTEM,,lsass.exe,1086,2.20E+12,6406144,C:\Windows\system32\lsass.exe,PCWIN101337,32215833-8848-496c-bc78-53ee82512e99,TRUE,2,Win32_Process,CIM_Process,CIM_ManagedSystemElement,"Win32_Process.Handle=""780""",45,CIM_Process CIM_LogicalElement CIM_ManagedSystemElement,PCWIN101337,root\cimv2,"\\PCWIN101337\root\cimv2:Win32_Process.Handle=""780""",lsass.exe,C:\Windows\system32\lsass.exe,Win32_Process,20180201214534.963309+000,Win32_ComputerSystem,PCWIN101337,lsass.exe,C:\Windows\system32\lsass.exe,,780,1086,,39062500,1380,200,lsass.exe,Win32_OperatingSystem,Microsoft Windows 10 Enterprise|C:\Windows|\Device\Harddisk0\Partition1,3317,1141168,63610,5976,668,6696,2.20E+12,13848,9,6119424,780,23,120,25,122,218,34696,0,,,8,60937500,2.20E+12,10.0.14393,6406144,151,171954
36F670D89040709013F6A460176767EC,NT AUTHORITY\SYSTEM,,svchost.exe,684,2.20E+12,12222464,C:\Windows\system32\svchost.exe,PCWIN101337,32215833-8848-496c-bc78-53ee82512e99,TRUE,2,Win32_Process,CIM_Process,CIM_ManagedSystemElement,"Win32_Process.Handle=""848""",45,CIM_Process CIM_LogicalElement CIM_ManagedSystemElement,PCWIN101337,root\cimv2,"\\PCWIN101337\root\cimv2:Win32_Process.Handle=""848""",svchost.exe,C:\Windows\system32\svchost.exe -k DcomLaunch,Win32_Process,20180201214535.320590+000,Win32_ComputerSystem,PCWIN101337,svchost.exe,C:\Windows\system32\svchost.exe,,848,684,,46562500,1380,200,svchost.exe,Win32_OperatingSystem,Microsoft Windows 10 Enterprise|C:\Windows|\Device\Harddisk0\Partition1,28072,1404616,43760,7536,772,10440,2.20E+12,31572,8,7716864,848,23,423,29,446,183,8655636,0,,,17,17656250,2.20E+12,10.0.14393,12222464,206,1997992
36F670D89040709013F6A460176767EC,NT AUTHORITY\NETWORK SERVICE,,svchost.exe,667,2.20E+12,7290880,C:\Windows\system32\svchost.exe,PCWIN101337,32215833-8848-496c-bc78-53ee82512e99,TRUE,2,Win32_Process,CIM_Process,CIM_ManagedSystemElement,"Win32_Process.Handle=""900""",45,CIM_Process CIM_LogicalElement CIM_ManagedSystemElement,PCWIN101337,root\cimv2,"\\PCWIN101337\root\cimv2:Win32_Process.Handle=""900""",svchost.exe,C:\Windows\system32\svchost.exe -k RPCSS,Win32_Process,20180201214535.506339+000,Win32_ComputerSystem,PCWIN101337,svchost.exe,C:\Windows\system32\svchost.exe,,900,667,,35625000,1380,200,svchost.exe,Win32_OperatingSystem,Microsoft Windows 10 Enterprise|C:\Windows|\Device\Harddisk0\Partition1,7244,307072,86284,5400,772,5896,2.20E+12,10836,8,5529600,900,17,107,20,120,30,1564160,0,,,13,55156250,2.20E+12,10.0.14393,7290880,0,0
C89F159A577F19F7F03C73C98D29D841,Window Manager\DWM-1,,dwm.exe,397,2.20E+12,35225600,C:\Windows\system32\dwm.exe,PCWIN101337,32215833-8848-496c-bc78-53ee82512e99,TRUE,2,Win32_Process,CIM_Process,CIM_ManagedSystemElement,"Win32_Process.Handle=""992""",45,CIM_Process CIM_LogicalElement CIM_ManagedSystemElement,PCWIN101337,root\cimv2,"\\PCWIN101337\root\cimv2:Win32_Process.Handle=""992""",dwm.exe,"""dwm.exe""",Win32_Process,20180201214535.731778+000,Win32_ComputerSystem,PCWIN101337,dwm.exe,C:\Windows\system32\dwm.exe,,992,397,,61875000,1380,200,dwm.exe,Win32_OperatingSystem,Microsoft Windows 10 Enterprise|C:\Windows|\Device\Harddisk0\Partition1,800,32036,2155686,103340,716,178072,2.20E+12,86692,13,105820160,992,32,482,43,495,1,60,1,,,11,60468750,2.20E+12,10.0.14393,35225600,0,0
36F670D89040709013F6A460176767EC,NT AUTHORITY\SYSTEM,,svchost.exe,2355,2.20E+12,26972160,C:\Windows\system32\svchost.exe,PCWIN101337,32215833-8848-496c-bc78-53ee82512e99,TRUE,2,Win32_Process,CIM_Process,CIM_ManagedSystemElement,"Win32_Process.Handle=""664""",45,CIM_Process CIM_LogicalElement CIM_ManagedSystemElement,PCWIN101337,root\cimv2,"\\PCWIN101337\root\cimv2:Win32_Process.Handle=""664""",svchost.exe,C:\Windows\system32\svchost.exe -k netsvcs,Win32_Process,20180201214536.025061+000,Win32_ComputerSystem,PCWIN101337,svchost.exe,C:\Windows\system32\svchost.exe,,664,2355,,217656250,1380,200,svchost.exe,Win32_OperatingSystem,Microsoft Windows 10 Enterprise|C:\Windows|\Device\Harddisk0\Partition1,188315,8053867,1430158,25240,772,28640,2.20E+12,56732,8,25845760,664,69,497,482,562,27250,153994773,0,,,49,412187500,2.20E+12,10.0.14393,26972160,5287,13272039
36F670D89040709013F6A460176767EC,NT AUTHORITY\LOCAL SERVICE,,svchost.exe,538,2.20E+12,12791808,C:\Windows\system32\svchost.exe,PCWIN101337,32215833-8848-496c-bc78-53ee82512e99,TRUE,2,Win32_Process,CIM_Process,CIM_ManagedSystemElement,"Win32_Process.Handle=""556""",45,CIM_Process CIM_LogicalElement CIM_ManagedSystemElement,PCWIN101337,root\cimv2,"\\PCWIN101337\root\cimv2:Win32_Process.Handle=""556""",svchost.exe,C:\Windows\system32\svchost.exe -k LocalServiceNoNetwork,Win32_Process,20180201214536.111288+000,Win32_ComputerSystem,PCWIN101337,svchost.exe,C:\Windows\system32\svchost.exe,,556,538,,11562500,1380,200,svchost.exe,Win32_OperatingSystem,Microsoft Windows 10 Enterprise|C:\Windows|\Device\Harddisk0\Partition1,14066,2879760,87562,14404,772,44448,2.20E+12,51564,8,14749696,556,42,143,54,208,861,47441766,0,,,22,12343750,2.20E+12,10.0.14393,12791808,510,5686704
36F670D89040709013F6A460176767EC,NT AUTHORITY\LOCAL SERVICE,,svchost.exe,847,2.20E+12,16592896,C:\Windows\System32\svchost.exe,PCWIN101337,32215833-8848-496c-bc78-53ee82512e99,TRUE,2,Win32_Process,CIM_Process,CIM_ManagedSystemElement,"Win32_Process.Handle=""912""",45,CIM_Process CIM_LogicalElement CIM_ManagedSystemElement,PCWIN101337,root\cimv2,"\\PCWIN101337\root\cimv2:Win32_Process.Handle=""912""",svchost.exe,C:\Windows\System32\svchost.exe -k LocalServiceNetworkRestricted,Win32_Process,20180201214536.204401+000,Win32_ComputerSystem,PCWIN101337,svchost.exe,C:\Windows\System32\svchost.exe,,912,847,,312343750,1380,200,svchost.exe,Win32_OperatingSystem,Microsoft Windows 10 Enterprise|C:\Windows|\Device\Harddisk0\Partition1,27602,2386622,768732,19524,772,25584,2.20E+12,46572,8,19992576,912,28,155,189,1269,5167,208135540,0,,,16,1840312500,2.20E+12,10.0.14393,16592896,2262,59434760
36F670D89040709013F6A460176767EC,NT AUTHORITY\LOCAL SERVICE,,svchost.exe,950,2.20E+12,10149888,C:\Windows\system32\svchost.exe,PCWIN101337,32215833-8848-496c-bc78-53ee82512e99,TRUE,2,Win32_Process,CIM_Process,CIM_ManagedSystemElement,"Win32_Process.Handle=""1028""",45,CIM_Process CIM_LogicalElement CIM_ManagedSystemElement,PCWIN101337,root\cimv2,"\\PCWIN101337\root\cimv2:Win32_Process.Handle=""1028""",svchost.exe,C:\Windows\system32\svchost.exe -k LocalService,Win32_Process,20180201214536.275189+000,Win32_ComputerSystem,PCWIN101337,svchost.exe,C:\Windows\system32\svchost.exe,,1028,950,,12500000,1380,200,svchost.exe,Win32_OperatingSystem,Microsoft Windows 10 Enterprise|C:\Windows|\Device\Harddisk0\Partition1,23911,1524242,51775,9860,772,11476,2.20E+12,25552,8,10096640,1028,39,265,47,302,34,714,0,,,21,15625000,2.20E+12,10.0.14393,10149888,0,0
36F670D89040709013F6A460176767EC,NT AUTHORITY\SYSTEM,,svchost.exe,791,2.20E+12,8675328,C:\Windows\System32\svchost.exe,PCWIN101337,32215833-8848-496c-bc78-53ee82512e99,TRUE,2,Win32_Process,CIM_Process,CIM_ManagedSystemElement,"Win32_Process.Handle=""1068""",45,CIM_Process CIM_LogicalElement CIM_ManagedSystemElement,PCWIN101337,root\cimv2,"\\PCWIN101337\root\cimv2:Win32_Process.Handle=""1068""",svchost.exe,C:\Windows\System32\svchost.exe -k LocalSystemNetworkRestricted,Win32_Process,20180201214536.354088+000,Win32_ComputerSystem,PCWIN101337,svchost.exe,C:\Windows\System32\svchost.exe,,1068,791,,181093750,1380,200,svchost.exe,Win32_OperatingSystem,Microsoft Windows 10 Enterprise|C:\Windows|\Device\Harddisk0\Partition1,127181,293613132,217741,12320,772,36388,2.20E+12,52888,8,12615680,1068,38,244,42,355,45,1639226,0,,,20,27812500,2.20E+12,10.0.14393,8675328,1091,7537111
6F12B244B6BAC8EEEB506C0BEE04F8CB,NT AUTHORITY\LOCAL SERVICE,,dasHost.exe,183,2.20E+12,188416,C:\Windows\system32\dashost.exe,PCWIN101337,32215833-8848-496c-bc78-53ee82512e99,TRUE,2,Win32_Process,CIM_Process,CIM_ManagedSystemElement,"Win32_Process.Handle=""1184""",45,CIM_Process CIM_LogicalElement CIM_ManagedSystemElement,PCWIN101337,root\cimv2,"\\PCWIN101337\root\cimv2:Win32_Process.Handle=""1184""",dasHost.exe,dashost.exe {e9d358b7-e025-4543-80435ff06b5998ab},Win32_Process,20180201214536.668642+000,Win32_ComputerSystem,PCWIN101337,dasHost.exe,C:\Windows\system32\dashost.exe,,1184,183,,781250,1380,200,dasHost.exe,Win32_OperatingSystem,Microsoft Windows 10 Enterprise|C:\Windows|\Device\Harddisk0\Partition1,2419,172645,5128,2560,1068,3708,2.20E+12,12908,8,2621440,1184,13,100,21,104,0,0,0,,,3,625000,2.20E+12,10.0.14393,188416,0,0
36F670D89040709013F6A460176767EC,NT AUTHORITY\LOCAL SERVICE,,svchost.exe,407,2.20E+12,3534848,C:\Windows\system32\svchost.exe,PCWIN101337,32215833-8848-496c-bc78-53ee82512e99,TRUE,2,Win32_Process,CIM_Process,CIM_ManagedSystemElement,"Win32_Process.Handle=""1348""",45,CIM_Process CIM_LogicalElement CIM_ManagedSystemElement,PCWIN101337,root\cimv2,"\\PCWIN101337\root\cimv2:Win32_Process.Handle=""1348""",svchost.exe,C:\Windows\system32\svchost.exe -k LocalServiceAndNoImpersonation,Win32_Process,20180201214536.978391+000,Win32_ComputerSystem,PCWIN101337,svchost.exe,C:\Windows\system32\svchost.exe,,1348,407,,7968750,1380,200,svchost.exe,Win32_OperatingSystem,Microsoft Windows 10 Enterprise|C:\Windows|\Device\Harddisk0\Partition1,71242,24417026,24696,4452,772,5208,2.20E+12,14864,8,4558848,1348,27,162,46,164,96,116,0,,,20,5781250,2.20E+12,10.0.14393,3534848,1,160
36F670D89040709013F6A460176767EC,NT AUTHORITY\NETWORK SERVICE,,svchost.exe,736,2.20E+12,15466496,C:\Windows\System32\svchost.exe,PCWIN101337,32215833-8848-496c-bc78-53ee82512e99,TRUE,2,Win32_Process,CIM_Process,CIM_ManagedSystemElement,"Win32_Process.Handle=""1380""",45,CIM_Process CIM_LogicalElement CIM_ManagedSystemElement,PCWIN101337,root\cimv2,"\\PCWIN101337\root\cimv2:Win32_Process.Handle=""1380""",svchost.exe,C:\Windows\System32\svchost.exe -k NetworkService,Win32_Process,20180201214537.031297+000,Win32_ComputerSystem,PCWIN101337,svchost.exe,C:\Windows\System32\svchost.exe,,1380,736,,84218750,1380,200,svchost.exe,Win32_OperatingSystem,Microsoft Windows 10 Enterprise|C:\Windows|\Device\Harddisk0\Partition1,79851,116110315,118891,16656,772,17244,2.20E+12,27068,8,17055744,1380,50,219,58,223,6528,1034317,0,,,22,38125000,2.20E+12,10.0.14393,15466496,3126,565300
80B3EB3196DCEAB6ADC85172087A5FAD,NT AUTHORITY\SYSTEM,,vmacthlp.exe,95,61837312,208896,C:\Program Files\VMware\VMware Tools\vmacthlp.exe,PCWIN101337,32215833-8848-496c-bc78-53ee82512e99,TRUE,2,Win32_Process,CIM_Process,CIM_ManagedSystemElement,"Win32_Process.Handle=""1516""",45,CIM_Process CIM_LogicalElement CIM_ManagedSystemElement,PCWIN101337,root\cimv2,"\\PCWIN101337\root\cimv2:Win32_Process.Handle=""1516""",vmacthlp.exe,"""C:\Program Files\VMware\VMware Tools\vmacthlp.exe""",Win32_Process,20180201214537.392552+000,Win32_ComputerSystem,PCWIN101337,vmacthlp.exe,C:\Program Files\VMware\VMware Tools\vmacthlp.exe,,1516,95,,156250,1380,200,vmacthlp.exe,Win32_OperatingSystem,Microsoft Windows 10 Enterprise|C:\Windows|\Device\Harddisk0\Partition1,54,476,1899,1304,772,1404,64983040,6316,8,1335296,1516,8,118,8,118,2,233,0,,,1,156250,61837312,10.0.14393,208896,0,0
36F670D89040709013F6A460176767EC,NT AUTHORITY\LOCAL SERVICE,,svchost.exe,226,2.20E+12,5783552,C:\Windows\System32\svchost.exe,PCWIN101337,32215833-8848-496c-bc78-53ee82512e99,TRUE,2,Win32_Process,CIM_Process,CIM_ManagedSystemElement,"Win32_Process.Handle=""1632""",45,CIM_Process CIM_LogicalElement CIM_ManagedSystemElement,PCWIN101337,root\cimv2,"\\PCWIN101337\root\cimv2:Win32_Process.Handle=""1632""",svchost.exe,C:\Windows\System32\svchost.exe -k LocalServiceNetworkRestricted,Win32_Process,20180201214537.783444+000,Win32_ComputerSystem,PCWIN101337,svchost.exe,C:\Windows\System32\svchost.exe,,1632,226,,2812500,1380,200,svchost.exe,Win32_OperatingSystem,Microsoft Windows 10 Enterprise|C:\Windows|\Device\Harddisk0\Partition1,744,17516,6290,2476,772,2548,2.20E+12,9588,8,2535424,1632,11,82,12,82,0,0,0,,,9,2187500,2.20E+12,10.0.14393,5783552,0,0
36F670D89040709013F6A460176767EC,NT AUTHORITY\LOCAL SERVICE,,svchost.exe,175,2.20E+12,524288,C:\Windows\system32\svchost.exe,PCWIN101337,32215833-8848-496c-bc78-53ee82512e99,TRUE,2,Win32_Process,CIM_Process,CIM_ManagedSystemElement,"Win32_Process.Handle=""1704""",45,CIM_Process CIM_LogicalElement CIM_ManagedSystemElement,PCWIN101337,root\cimv2,"\\PCWIN101337\root\cimv2:Win32_Process.Handle=""1704""",svchost.exe,C:\Windows\system32\svchost.exe -k LocalServiceNetworkRestricted,Win32_Process,20180201214538.159933+000,Win32_ComputerSystem,PCWIN101337,svchost.exe,C:\Windows\system32\svchost.exe,,1704,175,,312500,1380,200,svchost.exe,Win32_OperatingSystem,Microsoft Windows 10 Enterprise|C:\Windows|\Device\Harddisk0\Partition1,581,48906,2686,1696,772,2092,2.20E+12,7028,8,1736704,1704,12,66,15,66,0,0,0,,,6,468750,2.20E+12,10.0.14393,524288,0,0
1DFE222F8D6A422B7ADC909E0C8840DA,NT AUTHORITY\SYSTEM,,spoolsv.exe,467,2.20E+12,2424832,C:\Windows\System32\spoolsv.exe,PCWIN101337,32215833-8848-496c-bc78-53ee82512e99,TRUE,2,Win32_Process,CIM_Process,CIM_ManagedSystemElement,"Win32_Process.Handle=""1844""",45,CIM_Process CIM_LogicalElement CIM_ManagedSystemElement,PCWIN101337,root\cimv2,"\\PCWIN101337\root\cimv2:Win32_Process.Handle=""1844""",spoolsv.exe,C:\Windows\System32\spoolsv.exe,Win32_Process,20180201214538.976147+000,Win32_ComputerSystem,PCWIN101337,spoolsv.exe,C:\Windows\System32\spoolsv.exe,,1844,467,,3281250,1380,200,spoolsv.exe,Win32_OperatingSystem,Microsoft Windows 10 Enterprise|C:\Windows|\Device\Harddisk0\Partition1,3016,238195,9148,8788,772,9124,2.20E+12,20476,8,8998912,1844,28,210,32,215,2,232,0,,,8,2656250,2.20E+12,10.0.14393,2424832,2,320
C876D675153BF2FE025E9EBBFDB235FC,NT AUTHORITY\SYSTEM,,BtwRSupportService.exe,140,78999552,286720,C:\Windows\system32\BtwRSupportService.exe,PCWIN101337,32215833-8848-496c-bc78-53ee82512e99,TRUE,2,Win32_Process,CIM_Process,CIM_ManagedSystemElement,"Win32_Process.Handle=""1964""",45,CIM_Process CIM_LogicalElement CIM_ManagedSystemElement,PCWIN101337,root\cimv2,"\\PCWIN101337\root\cimv2:Win32_Process.Handle=""1964""",BtwRSupportService.exe,C:\Windows\system32\BtwRSupportService.exe,Win32_Process,20180201214539.360721+000,Win32_ComputerSystem,PCWIN101337,BtwRSupportService.exe,C:\Windows\system32\BtwRSupportService.exe,,1964,140,,156250,1380,200,BtwRSupportService.exe,Win32_OperatingSystem,Microsoft Windows 10 Enterprise|C:\Windows|\Device\Harddisk0\Partition1,88,276,2315,1732,772,1872,84242432,7688,8,1773568,1964,11,146,11,146,0,0,0,,,3,0,78999552,10.0.14393,286720,0,0
36F670D89040709013F6A460176767EC,NT AUTHORITY\SYSTEM,,svchost.exe,426,2.20E+12,5652480,C:\Windows\System32\svchost.exe,PCWIN101337,32215833-8848-496c-bc78-53ee82512e99,TRUE,2,Win32_Process,CIM_Process,CIM_ManagedSystemElement,"Win32_Process.Handle=""1980""",45,CIM_Process CIM_LogicalElement CIM_ManagedSystemElement,PCWIN101337,root\cimv2,"\\PCWIN101337\root\cimv2:Win32_Process.Handle=""1980""",svchost.exe,C:\Windows\System32\svchost.exe -k utcsvc,Win32_Process,20180201214539.371204+000,Win32_ComputerSystem,PCWIN101337,svchost.exe,C:\Windows\System32\svchost.exe,,1980,426,,7812500,1380,200,svchost.exe,Win32_OperatingSystem,Microsoft Windows 10 Enterprise|C:\Windows|\Device\Harddisk0\Partition1,5314,313164,40138,7340,772,8160,2.20E+12,49336,8,7516160,1980,23,229,39,450,19,2526362,0,,,11,4843750,2.20E+12,10.0.14393,5652480,8,4279
5387947D7B6EA7A8614B56BB4F9410B5,NT AUTHORITY\SYSTEM,,openvpnserv.exe,118,61595648,221184,C:\Program Files\OpenVPN\bin\openvpnserv.exe,PCWIN101337,32215833-8848-496c-bc78-53ee82512e99,TRUE,2,Win32_Process,CIM_Process,CIM_ManagedSystemElement,"Win32_Process.Handle=""1480""",45,CIM_Process CIM_LogicalElement CIM_ManagedSystemElement,PCWIN101337,root\cimv2,"\\PCWIN101337\root\cimv2:Win32_Process.Handle=""1480""",openvpnserv.exe,"""C:\Program Files\OpenVPN\bin\openvpnserv.exe""",Win32_Process,20180201214539.608935+000,Win32_ComputerSystem,PCWIN101337,openvpnserv.exe,C:\Program Files\OpenVPN\bin\openvpnserv.exe,,1480,118,,156250,1380,200,openvpnserv.exe,Win32_OperatingSystem,Microsoft Windows 10 Enterprise|C:\Windows|\Device\Harddisk0\Partition1,50,272,1650,1224,772,1284,65859584,5436,8,1253376,1480,8,113,8,113,0,0,0,,,2,0,61595648,10.0.14393,221184,0,0
A5F621306E38D30C78331F57DF9EEFF9,NT AUTHORITY\SYSTEM,,Sysmon.exe,343,133128192,16486400,C:\Windows\Sysmon.exe,PCWIN101337,32215833-8848-496c-bc78-53ee82512e99,TRUE,2,Win32_Process,CIM_Process,CIM_ManagedSystemElement,"Win32_Process.Handle=""1588""",45,CIM_Process CIM_LogicalElement CIM_ManagedSystemElement,PCWIN101337,root\cimv2,"\\PCWIN101337\root\cimv2:Win32_Process.Handle=""1588""",Sysmon.exe,C:\Windows\Sysmon.exe,Win32_Process,20180201214539.643439+000,Win32_ComputerSystem,PCWIN101337,Sysmon.exe,C:\Windows\Sysmon.exe,,1588,343,,341562500,1380,200,Sysmon.exe,Win32_OperatingSystem,Microsoft Windows 10 Enterprise|C:\Windows|\Device\Harddisk0\Partition1,420588,146595912,2752277,31984,772,32012,145715200,33364,8,32751616,1588,16,189,18,211,14162,3189131424,0,,,11,1133125000,133128192,10.0.14393,16486400,0,0
36F670D89040709013F6A460176767EC,NT AUTHORITY\SYSTEM,,svchost.exe,264,2.20E+12,16101376,C:\Windows\system32\svchost.exe,PCWIN101337,32215833-8848-496c-bc78-53ee82512e99,TRUE,2,Win32_Process,CIM_Process,CIM_ManagedSystemElement,"Win32_Process.Handle=""1656""",45,CIM_Process CIM_LogicalElement CIM_ManagedSystemElement,PCWIN101337,root\cimv2,"\\PCWIN101337\root\cimv2:Win32_Process.Handle=""1656""",svchost.exe,C:\Windows\system32\svchost.exe -k appmodel,Win32_Process,20180201214539.669144+000,Win32_ComputerSystem,PCWIN101337,svchost.exe,C:\Windows\system32\svchost.exe,,1656,264,,24375000,1380,200,svchost.exe,Win32_OperatingSystem,Microsoft Windows 10 Enterprise|C:\Windows|\Device\Harddisk0\Partition1,2944,41900,87047,9224,772,9664,2.20E+12,21880,8,9445376,1656,24,138,31,147,10315,15034320,0,,,10,42031250,2.20E+12,10.0.14393,16101376,538,1569112
Get-WmiObject query returned no executable path.,NT AUTHORITY\SYSTEM,,Memory Compression,0,0,8192,,PCWIN101337,32215833-8848-496c-bc78-53ee82512e99,TRUE,2,Win32_Process,CIM_Process,CIM_ManagedSystemElement,"Win32_Process.Handle=""2056""",45,CIM_Process CIM_LogicalElement CIM_ManagedSystemElement,PCWIN101337,root\cimv2,"\\PCWIN101337\root\cimv2:Win32_Process.Handle=""2056""",Memory Compression,,Win32_Process,20180201214539.738577+000,Win32_ComputerSystem,PCWIN101337,Memory Compression,,,2056,0,,0,,,Memory Compression,Win32_OperatingSystem,Microsoft Windows 10 Enterprise|C:\Windows|\Device\Harddisk0\Partition1,0,0,2,0,4,0,0,8,8,0,2056,0,5,0,5,0,0,0,,,0,0,0,10.0.14393,8192,0,0
1E577F6D1F3C530C11DC0A7BD1FE765D,NT AUTHORITY\SYSTEM,,vmtoolsd.exe,358,116211712,7372800,C:\Program Files\VMware\VMware Tools\vmtoolsd.exe,PCWIN101337,32215833-8848-496c-bc78-53ee82512e99,TRUE,2,Win32_Process,CIM_Process,CIM_ManagedSystemElement,"Win32_Process.Handle=""2060""",45,CIM_Process CIM_LogicalElement CIM_ManagedSystemElement,PCWIN101337,root\cimv2,"\\PCWIN101337\root\cimv2:Win32_Process.Handle=""2060""",vmtoolsd.exe,"""C:\Program Files\VMware\VMware Tools\vmtoolsd.exe""",Win32_Process,20180201214539.745542+000,Win32_ComputerSystem,PCWIN101337,vmtoolsd.exe,C:\Program Files\VMware\VMware Tools\vmtoolsd.exe,,2060,358,,65625000,1380,200,vmtoolsd.exe,Win32_OperatingSystem,Microsoft Windows 10 Enterprise|C:\Windows|\Device\Harddisk0\Partition1,201819,33787434,35372,9664,772,13404,122519552,21708,13,9895936,2060,24,192,27,218,6300,3098177,0,,,9,333750000,116211712,10.0.14393,7372800,3497,2206815
928DA36B4250F8EBDE7D9F790F519D49,NT AUTHORITY\SYSTEM,,VGAuthService.exe,149,83378176,430080,C:\Program Files\VMware\VMware Tools\VMware VGAuth\VGAuthService.exe,PCWIN101337,32215833-8848-496c-bc78-53ee82512e99,TRUE,2,Win32_Process,CIM_Process,CIM_ManagedSystemElement,"Win32_Process.Handle=""2076""",45,CIM_Process CIM_LogicalElement CIM_ManagedSystemElement,PCWIN101337,root\cimv2,"\\PCWIN101337\root\cimv2:Win32_Process.Handle=""2076""",VGAuthService.exe,"""C:\Program Files\VMware\VMware Tools\VMware VGAuth\VGAuthService.exe""",Win32_Process,20180201214539.747397+000,Win32_ComputerSystem,PCWIN101337,VGAuthService.exe,C:\Program Files\VMware\VMware Tools\VMware VGAuth\VGAuthService.exe,,2076,149,,781250,1380,200,VGAuthService.exe,Win32_OperatingSystem,Microsoft Windows 10 Enterprise|C:\Windows|\Device\Harddisk0\Partition1,350,1730,6820,4604,772,5412,85544960,13408,8,4714496,2076,13,150,13,150,36,198788,0,,,2,312500,83378176,10.0.14393,430080,26,2418
Get-WmiObject query returned no executable path.,NT AUTHORITY\SYSTEM,,MsMpEng.exe,575,2.20E+12,117846016,,PCWIN101337,32215833-8848-496c-bc78-53ee82512e99,TRUE,2,Win32_Process,CIM_Process,CIM_ManagedSystemElement,"Win32_Process.Handle=""2096""",45,CIM_Process CIM_LogicalElement CIM_ManagedSystemElement,PCWIN101337,root\cimv2,"\\PCWIN101337\root\cimv2:Win32_Process.Handle=""2096""",MsMpEng.exe,,Win32_Process,20180201214539.781504+000,Win32_ComputerSystem,PCWIN101337,MsMpEng.exe,,,2096,575,,1074375000,,,MsMpEng.exe,Win32_OperatingSystem,Microsoft Windows 10 Enterprise|C:\Windows|\Device\Harddisk0\Partition1,3042720,68772730,1872117,132216,772,518716,2.20E+12,468448,8,135389184,2096,71,652,147,1086,605010,1531714358,0,,,18,1589062500,2.20E+12,10.0.14393,117846016,18275,509591827
D8E539426644A0F23CBF53DD0A5EE079,NT AUTHORITY\NETWORK SERVICE,,WmiPrvSE.exe,248,2.20E+12,11288576,C:\Windows\system32\wbem\wmiprvse.exe,PCWIN101337,32215833-8848-496c-bc78-53ee82512e99,TRUE,2,Win32_Process,CIM_Process,CIM_ManagedSystemElement,"Win32_Process.Handle=""2688""",45,CIM_Process CIM_LogicalElement CIM_ManagedSystemElement,PCWIN101337,root\cimv2,"\\PCWIN101337\root\cimv2:Win32_Process.Handle=""2688""",WmiPrvSE.exe,C:\Windows\system32\wbem\wmiprvse.exe,Win32_Process,20180201214544.283205+000,Win32_ComputerSystem,PCWIN101337,WmiPrvSE.exe,C:\Windows\system32\wbem\wmiprvse.exe,,2688,248,,175781250,1380,200,WmiPrvSE.exe,Win32_OperatingSystem,Microsoft Windows 10 Enterprise|C:\Windows|\Device\Harddisk0\Partition1,185789,3779262,281190,6928,848,9408,2.20E+12,18988,8,7094272,2688,16,152,21,173,6990,1080652,0,,,10,65625000,2.20E+12,10.0.14393,11288576,6990,684972
DA63852A2B0340E94D74EAF0CD444979,NT AUTHORITY\SYSTEM,,dllhost.exe,212,2.20E+12,2531328,C:\Windows\system32\dllhost.exe,PCWIN101337,32215833-8848-496c-bc78-53ee82512e99,TRUE,2,Win32_Process,CIM_Process,CIM_ManagedSystemElement,"Win32_Process.Handle=""2200""",45,CIM_Process CIM_LogicalElement CIM_ManagedSystemElement,PCWIN101337,root\cimv2,"\\PCWIN101337\root\cimv2:Win32_Process.Handle=""2200""",dllhost.exe,C:\Windows\system32\dllhost.exe /Processid:{02D4B3F1-FD88-11D1-960D-00805FC79235},Win32_Process,20180201214548.641010+000,Win32_ComputerSystem,PCWIN101337,dllhost.exe,C:\Windows\system32\dllhost.exe,,2200,212,,1250000,1380,200,dllhost.exe,Win32_OperatingSystem,Microsoft Windows 10 Enterprise|C:\Windows|\Device\Harddisk0\Partition1,265,4468,4844,3596,772,3992,2.20E+12,12904,8,3682304,2200,13,88,15,90,4157,2096005,0,,,10,2187500,2.20E+12,10.0.14393,2531328,7,3745
308F08347923DEEDE7BC03EC7D485841,NT AUTHORITY\NETWORK SERVICE,,msdtc.exe,187,2.20E+12,348160,C:\Windows\System32\msdtc.exe,PCWIN101337,32215833-8848-496c-bc78-53ee82512e99,TRUE,2,Win32_Process,CIM_Process,CIM_ManagedSystemElement,"Win32_Process.Handle=""3188""",45,CIM_Process CIM_LogicalElement CIM_ManagedSystemElement,PCWIN101337,root\cimv2,"\\PCWIN101337\root\cimv2:Win32_Process.Handle=""3188""",msdtc.exe,C:\Windows\System32\msdtc.exe,Win32_Process,20180201214551.160315+000,Win32_ComputerSystem,PCWIN101337,msdtc.exe,C:\Windows\System32\msdtc.exe,,3188,187,,4375000,1380,200,msdtc.exe,Win32_OperatingSystem,Microsoft Windows 10 Enterprise|C:\Windows|\Device\Harddisk0\Partition1,217,1594,4013,2788,772,3812,2.20E+12,10956,8,2854912,3188,13,84,14,84,1,116,0,,,9,0,2.20E+12,10.0.14393,348160,139,138563744
57C78F5EB4D7D6427F5A43137683A245,PCWIN101337\developer,,sihost.exe,428,2.20E+12,12926976,C:\Windows\system32\sihost.exe,PCWIN101337,32215833-8848-496c-bc78-53ee82512e99,TRUE,2,Win32_Process,CIM_Process,CIM_ManagedSystemElement,"Win32_Process.Handle=""3608""",45,CIM_Process CIM_LogicalElement CIM_ManagedSystemElement,PCWIN101337,root\cimv2,"\\PCWIN101337\root\cimv2:Win32_Process.Handle=""3608""",sihost.exe,sihost.exe,Win32_Process,20180201214556.491092+000,Win32_ComputerSystem,PCWIN101337,sihost.exe,C:\Windows\system32\sihost.exe,,3608,428,,43281250,1380,200,sihost.exe,Win32_OperatingSystem,Microsoft Windows 10 Enterprise|C:\Windows|\Device\Harddisk0\Partition1,8150,275446,14674,5832,664,6368,2.20E+12,23792,8,5971968,3608,17,220,19,298,74,6687232,1,,,10,20468750,2.20E+12,10.0.14393,12926976,0,0
36F670D89040709013F6A460176767EC,PCWIN101337\developer,,svchost.exe,283,2.20E+12,4378624,C:\Windows\system32\svchost.exe,PCWIN101337,32215833-8848-496c-bc78-53ee82512e99,TRUE,2,Win32_Process,CIM_Process,CIM_ManagedSystemElement,"Win32_Process.Handle=""3616""",45,CIM_Process CIM_LogicalElement CIM_ManagedSystemElement,PCWIN101337,root\cimv2,"\\PCWIN101337\root\cimv2:Win32_Process.Handle=""3616""",svchost.exe,C:\Windows\system32\svchost.exe -k UnistackSvcGroup,Win32_Process,20180201214556.505020+000,Win32_ComputerSystem,PCWIN101337,svchost.exe,C:\Windows\system32\svchost.exe,,3616,283,,1718750,1380,200,svchost.exe,Win32_OperatingSystem,Microsoft Windows 10 Enterprise|C:\Windows|\Device\Harddisk0\Partition1,497,4828,7500,4436,772,4540,2.20E+12,17608,8,4542464,3616,19,186,19,186,12,33861,1,,,8,781250,2.20E+12,10.0.14393,4378624,19,23573
0E1853D3339D2963D2BC6AC1FDC1C811,PCWIN101337\developer,,taskhostw.exe,399,2.20E+12,11374592,C:\Windows\system32\taskhostw.exe,PCWIN101337,32215833-8848-496c-bc78-53ee82512e99,TRUE,2,Win32_Process,CIM_Process,CIM_ManagedSystemElement,"Win32_Process.Handle=""3696""",45,CIM_Process CIM_LogicalElement CIM_ManagedSystemElement,PCWIN101337,root\cimv2,"\\PCWIN101337\root\cimv2:Win32_Process.Handle=""3696""",taskhostw.exe,taskhostw.exe {222A245B-E637-4AE9-A93F-A59CA119A75E},Win32_Process,20180201214556.802789+000,Win32_ComputerSystem,PCWIN101337,taskhostw.exe,C:\Windows\system32\taskhostw.exe,,3696,399,,15781250,1380,200,taskhostw.exe,Win32_OperatingSystem,Microsoft Windows 10 Enterprise|C:\Windows|\Device\Harddisk0\Partition1,13127,404100,35674,7644,664,12672,2.20E+12,23572,8,7827456,3696,37,203,57,223,676,23165481,1,,,17,12500000,2.20E+12,10.0.14393,11374592,863,18996788
1E03C94933E088D9FAB00B49D46CC370,PCWIN101337\developer,,RuntimeBroker.exe,696,2.20E+12,21311488,C:\Windows\System32\RuntimeBroker.exe,PCWIN101337,32215833-8848-496c-bc78-53ee82512e99,TRUE,2,Win32_Process,CIM_Process,CIM_ManagedSystemElement,"Win32_Process.Handle=""3976""",45,CIM_Process CIM_LogicalElement CIM_ManagedSystemElement,PCWIN101337,root\cimv2,"\\PCWIN101337\root\cimv2:Win32_Process.Handle=""3976""",RuntimeBroker.exe,C:\Windows\System32\RuntimeBroker.exe -Embedding,Win32_Process,20180201214559.657528+000,Win32_ComputerSystem,PCWIN101337,RuntimeBroker.exe,C:\Windows\System32\RuntimeBroker.exe,,3976,696,,44687500,1380,200,RuntimeBroker.exe,Win32_OperatingSystem,Microsoft Windows 10 Enterprise|C:\Windows|\Device\Harddisk0\Partition1,51403,1916364,107913,24040,848,27788,2.20E+12,51080,8,24616960,3976,41,500,53,624,47732,4858997,1,,,23,42187500,2.20E+12,10.0.14393,21311488,49,30362
E7F14801E038AD77A64AF30AC78B905A,NT AUTHORITY\SYSTEM,,SearchIndexer.exe,756,2.20E+12,29990912,C:\Windows\system32\SearchIndexer.exe,PCWIN101337,32215833-8848-496c-bc78-53ee82512e99,TRUE,2,Win32_Process,CIM_Process,CIM_ManagedSystemElement,"Win32_Process.Handle=""3164""",45,CIM_Process CIM_LogicalElement CIM_ManagedSystemElement,PCWIN101337,root\cimv2,"\\PCWIN101337\root\cimv2:Win32_Process.Handle=""3164""",SearchIndexer.exe,C:\Windows\system32\SearchIndexer.exe /Embedding,Win32_Process,20180201214603.370420+000,Win32_ComputerSystem,PCWIN101337,SearchIndexer.exe,C:\Windows\system32\SearchIndexer.exe,,3164,756,,40312500,1380,200,SearchIndexer.exe,Win32_OperatingSystem,Microsoft Windows 10 Enterprise|C:\Windows|\Device\Harddisk0\Partition1,104336,10720562,387115,31568,772,85536,2.20E+12,81420,8,32325632,3164,71,248,135,328,8378,95145222,0,,,16,432656250,2.20E+12,10.0.14393,29990912,8572,376196528
19FABBE4C1DDC6417C3029A508D4827F,PCWIN101337\developer,,MSASCuiL.exe,239,2.20E+12,6402048,C:\Program Files\Windows Defender\MSASCuiL.exe,PCWIN101337,32215833-8848-496c-bc78-53ee82512e99,TRUE,2,Win32_Process,CIM_Process,CIM_ManagedSystemElement,"Win32_Process.Handle=""5076""",45,CIM_Process CIM_LogicalElement CIM_ManagedSystemElement,PCWIN101337,root\cimv2,"\\PCWIN101337\root\cimv2:Win32_Process.Handle=""5076""",MSASCuiL.exe,"""C:\Program Files\Windows Defender\MSASCuiL.exe"" ",Win32_Process,20180201214625.992408+000,Win32_ComputerSystem,PCWIN101337,MSASCuiL.exe,C:\Program Files\Windows Defender\MSASCuiL.exe,,5076,239,,1718750,1380,200,MSASCuiL.exe,Win32_OperatingSystem,Microsoft Windows 10 Enterprise|C:\Windows|\Device\Harddisk0\Partition1,516,19992,8817,3844,3920,4168,2.20E+12,13032,8,3936256,5076,15,258,16,268,4,1572924,1,,,5,937500,2.20E+12,10.0.14393,6402048,0,0
1E577F6D1F3C530C11DC0A7BD1FE765D,PCWIN101337\developer,,vmtoolsd.exe,1019,198668288,13488128,C:\Program Files\VMware\VMware Tools\vmtoolsd.exe,PCWIN101337,32215833-8848-496c-bc78-53ee82512e99,TRUE,2,Win32_Process,CIM_Process,CIM_ManagedSystemElement,"Win32_Process.Handle=""5116""",45,CIM_Process CIM_LogicalElement CIM_ManagedSystemElement,PCWIN101337,root\cimv2,"\\PCWIN101337\root\cimv2:Win32_Process.Handle=""5116""",vmtoolsd.exe,"""C:\Program Files\VMware\VMware Tools\vmtoolsd.exe"" -n vmusr",Win32_Process,20180201214626.857887+000,Win32_ComputerSystem,PCWIN101337,vmtoolsd.exe,C:\Program Files\VMware\VMware Tools\vmtoolsd.exe,,5116,1019,,130312500,1380,200,vmtoolsd.exe,Win32_OperatingSystem,Microsoft Windows 10 Enterprise|C:\Windows|\Device\Harddisk0\Partition1,2828427,53483562,104524,22496,3920,24100,214376448,39708,8,23035904,5116,30,323,31,365,16757,51382432,1,,,7,258125000,198668288,10.0.14393,13488128,671,400790
F33FB66BCF8001D6F2BF4694021300D2,PCWIN101337\developer,,OneDrive.exe,448,209498112,2633728,C:\Users\developer\AppData\Local\Microsoft\OneDrive\OneDrive.exe,PCWIN101337,32215833-8848-496c-bc78-53ee82512e99,TRUE,2,Win32_Process,CIM_Process,CIM_ManagedSystemElement,"Win32_Process.Handle=""3812""",45,CIM_Process CIM_LogicalElement CIM_ManagedSystemElement,PCWIN101337,root\cimv2,"\\PCWIN101337\root\cimv2:Win32_Process.Handle=""3812""",OneDrive.exe,"""C:\Users\developer\AppData\Local\Microsoft\OneDrive\OneDrive.exe"" /background",Win32_Process,20180201214627.730606+000,Win32_ComputerSystem,PCWIN101337,OneDrive.exe,C:\Users\developer\AppData\Local\Microsoft\OneDrive\OneDrive.exe,,3812,448,,8750000,1380,200,OneDrive.exe,Win32_OperatingSystem,Microsoft Windows 10 Enterprise|C:\Windows|\Device\Harddisk0\Partition1,23135,84589,13048,9800,3920,10204,215842816,32208,8,10035200,3812,31,321,35,325,10174,267838,1,,,11,16250000,209498112,10.0.14393,2633728,17157,55446843
1CD58E00300463507F78EA28813E93FA,PCWIN101337\developer,,openvpn-gui.exe,116,100335616,241664,C:\Program Files\OpenVPN\bin\openvpn-gui.exe,PCWIN101337,32215833-8848-496c-bc78-53ee82512e99,TRUE,2,Win32_Process,CIM_Process,CIM_ManagedSystemElement,"Win32_Process.Handle=""4136""",45,CIM_Process CIM_LogicalElement CIM_ManagedSystemElement,PCWIN101337,root\cimv2,"\\PCWIN101337\root\cimv2:Win32_Process.Handle=""4136""",openvpn-gui.exe,"""C:\Program Files\OpenVPN\bin\openvpn-gui.exe",Win32_Process,20180201214628.457039+000,Win32_ComputerSystem,PCWIN101337,openvpn-gui.exe,C:\Program Files\OpenVPN\bin\openvpn-gui.exe,,4136,116,,312500,1380,200,openvpn-gui.exe,Win32_OperatingSystem,Microsoft Windows 10 Enterprise|C:\Windows|\Device\Harddisk0\Partition1,185,3954,2856,2612,3920,2712,108724224,8936,8,2674688,4136,10,187,11,188,3,3069,1,,,1,0,100335616,10.0.14393,241664,0,0
654D3D69623B9DD7AF410C360AB12136,PCWIN101337\developer,,ApplicationFrameHost.exe,397,2.20E+12,16310272,C:\Windows\system32\ApplicationFrameHost.exe,PCWIN101337,32215833-8848-496c-bc78-53ee82512e99,TRUE,2,Win32_Process,CIM_Process,CIM_ManagedSystemElement,"Win32_Process.Handle=""4836""",45,CIM_Process CIM_LogicalElement CIM_ManagedSystemElement,PCWIN101337,root\cimv2,"\\PCWIN101337\root\cimv2:Win32_Process.Handle=""4836""",ApplicationFrameHost.exe,C:\Windows\system32\ApplicationFrameHost.exe -Embedding,Win32_Process,20180201214637.206227+000,Win32_ComputerSystem,PCWIN101337,ApplicationFrameHost.exe,C:\Windows\system32\ApplicationFrameHost.exe,,4836,397,,10625000,1380,200,ApplicationFrameHost.exe,Win32_OperatingSystem,Microsoft Windows 10 Enterprise|C:\Windows|\Device\Harddisk0\Partition1,228,2828,51609,10280,848,12400,2.20E+12,26660,8,10526720,4836,22,316,24,330,52,23388,1,,,10,8750000,2.20E+12,10.0.14393,16310272,0,0
3AB1702BAE02B54C438139B0E247AB38,NT AUTHORITY\SYSTEM,,EMET_Service.exe,265,525963264,462848,C:\Program Files (x86)\EMET 5.5\EMET_Service.exe,PCWIN101337,32215833-8848-496c-bc78-53ee82512e99,TRUE,2,Win32_Process,CIM_Process,CIM_ManagedSystemElement,"Win32_Process.Handle=""4444""",45,CIM_Process CIM_LogicalElement CIM_ManagedSystemElement,PCWIN101337,root\cimv2,"\\PCWIN101337\root\cimv2:Win32_Process.Handle=""4444""",EMET_Service.exe,"""C:\Program Files (x86)\EMET 5.5\EMET_Service.exe""",Win32_Process,20180201214749.666487+000,Win32_ComputerSystem,PCWIN101337,EMET_Service.exe,C:\Program Files (x86)\EMET 5.5\EMET_Service.exe,,4444,265,,937500,1380,200,EMET_Service.exe,Win32_OperatingSystem,Microsoft Windows 10 Enterprise|C:\Windows|\Device\Harddisk0\Partition1,467,6078,12339,19168,772,20116,532525056,23348,8,19628032,4444,28,217,31,221,26,93025,0,,,7,1718750,525963264,10.0.14393,462848,0,0
9D312E8BB474B7E2457427F9A81C211B,PCWIN101337\developer,,EMET_Agent.exe,303,678359040,1138688,C:\Program Files (x86)\EMET 5.5\EMET_Agent.exe,PCWIN101337,32215833-8848-496c-bc78-53ee82512e99,TRUE,2,Win32_Process,CIM_Process,CIM_ManagedSystemElement,"Win32_Process.Handle=""5084""",45,CIM_Process CIM_LogicalElement CIM_ManagedSystemElement,PCWIN101337,root\cimv2,"\\PCWIN101337\root\cimv2:Win32_Process.Handle=""5084""",EMET_Agent.exe,"""C:\Program Files (x86)\EMET 5.5\EMET_Agent.exe""",Win32_Process,20180201214750.912541+000,Win32_ComputerSystem,PCWIN101337,EMET_Agent.exe,C:\Program Files (x86)\EMET 5.5\EMET_Agent.exe,,5084,303,,7500000,1380,200,EMET_Agent.exe,Win32_OperatingSystem,Microsoft Windows 10 Enterprise|C:\Windows|\Device\Harddisk0\Partition1,890,9070,75082,39312,4444,40080,687783936,58596,8,40255488,5084,42,480,45,489,37,130380,1,,,8,13906250,678359040,10.0.14393,1138688,0,0
097CE5761C89434367598B34FE32893B,PCWIN101337\developer,,powershell.exe,612,2.20E+12,168230912,C:\Windows\System32\WindowsPowerShell\v1.0\powershell.exe,PCWIN101337,32215833-8848-496c-bc78-53ee82512e99,TRUE,2,Win32_Process,CIM_Process,CIM_ManagedSystemElement,"Win32_Process.Handle=""5580""",45,CIM_Process CIM_LogicalElement CIM_ManagedSystemElement,PCWIN101337,root\cimv2,"\\PCWIN101337\root\cimv2:Win32_Process.Handle=""5580""",powershell.exe,"""C:\Windows\System32\WindowsPowerShell\v1.0\powershell.exe"" ",Win32_Process,20180201214822.638452+000,Win32_ComputerSystem,PCWIN101337,powershell.exe,C:\Windows\System32\WindowsPowerShell\v1.0\powershell.exe,,5580,612,,46406250,1380,200,powershell.exe,Win32_OperatingSystem,Microsoft Windows 10 Enterprise|C:\Windows|\Device\Harddisk0\Partition1,111115,16822525,324500,204172,3976,204188,2.20E+12,209932,8,209072128,5580,42,638,182,676,3519,16705368,1,,,17,147187500,2.20E+12,10.0.14393,168230912,112681,103219426
D752C96401E2540A443C599154FC6FA9,PCWIN101337\developer,,conhost.exe,171,2.20E+12,4927488,C:\Windows\system32\conhost.exe,PCWIN101337,32215833-8848-496c-bc78-53ee82512e99,TRUE,2,Win32_Process,CIM_Process,CIM_ManagedSystemElement,"Win32_Process.Handle=""5588""",45,CIM_Process CIM_LogicalElement CIM_ManagedSystemElement,PCWIN101337,root\cimv2,"\\PCWIN101337\root\cimv2:Win32_Process.Handle=""5588""",conhost.exe,\??\C:\Windows\system32\conhost.exe 0x4,Win32_Process,20180201214822.830098+000,Win32_ComputerSystem,PCWIN101337,conhost.exe,C:\Windows\system32\conhost.exe,,5588,171,,7187500,1380,200,conhost.exe,Win32_OperatingSystem,Microsoft Windows 10 Enterprise|C:\Windows|\Device\Harddisk0\Partition1,18505,1538477,10861,3228,5580,3328,2.20E+12,14356,8,3305472,5588,12,184,13,189,17,7676,1,,,3,2187500,2.20E+12,10.0.14393,4927488,0,0
DA63852A2B0340E94D74EAF0CD444979,PCWIN101337\developer,,dllhost.exe,164,2.20E+12,1355776,C:\Windows\system32\DllHost.exe,PCWIN101337,32215833-8848-496c-bc78-53ee82512e99,TRUE,2,Win32_Process,CIM_Process,CIM_ManagedSystemElement,"Win32_Process.Handle=""4256""",45,CIM_Process CIM_LogicalElement CIM_ManagedSystemElement,PCWIN101337,root\cimv2,"\\PCWIN101337\root\cimv2:Win32_Process.Handle=""4256""",dllhost.exe,C:\Windows\system32\DllHost.exe /Processid:{49F6E667-6658-4BD1-9DE9-6AF87F9FAF85},Win32_Process,20180201223113.733101+000,Win32_ComputerSystem,PCWIN101337,dllhost.exe,C:\Windows\system32\DllHost.exe,,4256,164,,3593750,1380,200,dllhost.exe,Win32_OperatingSystem,Microsoft Windows 10 Enterprise|C:\Windows|\Device\Harddisk0\Partition1,8506,147208,7513,2200,848,4704,2.20E+12,11276,8,2252800,4256,9,127,32,136,276,16908288,1,,,2,937500,2.20E+12,10.0.14393,1355776,279,4485120
2A8EC932AB51E5E850D0A5DF537B250A,NT AUTHORITY\NETWORK SERVICE,,MpCmdRun.exe,240,2.20E+12,1429504,C:\Program Files\Windows Defender\MpCmdRun.exe,PCWIN101337,32215833-8848-496c-bc78-53ee82512e99,TRUE,2,Win32_Process,CIM_Process,CIM_ManagedSystemElement,"Win32_Process.Handle=""6052""",45,CIM_Process CIM_LogicalElement CIM_ManagedSystemElement,PCWIN101337,root\cimv2,"\\PCWIN101337\root\cimv2:Win32_Process.Handle=""6052""",MpCmdRun.exe,"""C:\Program Files\Windows Defender\\MpCmdRun.exe"" SpyNetServiceDss -RestrictPrivileges -AccessKey 92AC0689-D7F4-64A5-98BE-EA0D840F908B -Reinvoke",Win32_Process,20180202104241.105311+000,Win32_ComputerSystem,PCWIN101337,MpCmdRun.exe,C:\Program Files\Windows Defender\MpCmdRun.exe,,6052,240,,625000,1380,200,MpCmdRun.exe,Win32_OperatingSystem,Microsoft Windows 10 Enterprise|C:\Windows|\Device\Harddisk0\Partition1,870,25232,4308,2896,3140,3352,2.20E+12,11872,8,2965504,6052,13,97,19,104,0,0,0,,,5,0,2.20E+12,10.0.14393,1429504,3,658
0E1853D3339D2963D2BC6AC1FDC1C811,PCWIN101337\developer,,taskhostw.exe,297,2.20E+12,10432512,C:\Windows\system32\taskhostw.exe,PCWIN101337,32215833-8848-496c-bc78-53ee82512e99,TRUE,2,Win32_Process,CIM_Process,CIM_ManagedSystemElement,"Win32_Process.Handle=""3864""",45,CIM_Process CIM_LogicalElement CIM_ManagedSystemElement,PCWIN101337,root\cimv2,"\\PCWIN101337\root\cimv2:Win32_Process.Handle=""3864""",taskhostw.exe,taskhostw.exe,Win32_Process,20180202104651.224139+000,Win32_ComputerSystem,PCWIN101337,taskhostw.exe,C:\Windows\system32\taskhostw.exe,,3864,297,,2500000,1380,200,taskhostw.exe,Win32_OperatingSystem,Microsoft Windows 10 Enterprise|C:\Windows|\Device\Harddisk0\Partition1,2172,37584,19196,5784,664,7548,2.20E+12,14948,8,5922816,3864,20,329,21,343,98,253464,1,,,4,1093750,2.20E+12,10.0.14393,10432512,26,243401
679D17F8CDB938C7100D7A647953677E,PCWIN101337\developer,,explorer.exe,2104,2.20E+12,84258816,C:\Windows\explorer.exe,PCWIN101337,32215833-8848-496c-bc78-53ee82512e99,TRUE,2,Win32_Process,CIM_Process,CIM_ManagedSystemElement,"Win32_Process.Handle=""676""",45,CIM_Process CIM_LogicalElement CIM_ManagedSystemElement,PCWIN101337,root\cimv2,"\\PCWIN101337\root\cimv2:Win32_Process.Handle=""676""",explorer.exe,"""C:\Windows\explorer.exe"" /LOADSAVEDWINDOWS",Win32_Process,20180202105631.252014+000,Win32_ComputerSystem,PCWIN101337,explorer.exe,C:\Windows\explorer.exe,,676,2104,,325781250,1380,200,explorer.exe,Win32_OperatingSystem,Microsoft Windows 10 Enterprise|C:\Windows|\Device\Harddisk0\Partition1,115702,4185953,258844,50896,1884,58660,2.20E+12,109940,8,52117504,676,93,858,106,1068,17022,26666671,1,,,73,188593750,2.20E+12,10.0.14393,84258816,3451,1483123
7850D58EE55539B703EA883D375D2D70,PCWIN101337\developer,,ShellExperienceHost.exe,957,2.20E+12,44425216,C:\Windows\SystemApps\ShellExperienceHost_cw5n1h2txyewy\ShellExperienceHost.exe,PCWIN101337,32215833-8848-496c-bc78-53ee82512e99,TRUE,2,Win32_Process,CIM_Process,CIM_ManagedSystemElement,"Win32_Process.Handle=""5624""",45,CIM_Process CIM_LogicalElement CIM_ManagedSystemElement,PCWIN101337,root\cimv2,"\\PCWIN101337\root\cimv2:Win32_Process.Handle=""5624""",ShellExperienceHost.exe,"""C:\Windows\SystemApps\ShellExperienceHost_cw5n1h2txyewy\ShellExperienceHost.exe"" -ServerName:App.AppXtk181tbxbce2qsex02s8tw7hfxa9xb3t.mca",Win32_Process,20180202105649.242160+000,Win32_ComputerSystem,PCWIN101337,ShellExperienceHost.exe,C:\Windows\SystemApps\ShellExperienceHost_cw5n1h2txyewy\ShellExperienceHost.exe,,5624,957,,9531250,1380,200,ShellExperienceHost.exe,Win32_OperatingSystem,Microsoft Windows 10 Enterprise|C:\Windows|\Device\Harddisk0\Partition1,2545,39506,84686,37536,848,40168,2.20E+12,63952,8,38436864,5624,40,661,43,968,97,1790516,1,,,34,13750000,2.20E+12,10.0.14393,44425216,0,0
EBC4935445CA5A3D4D898076642EC618,PCWIN101337\developer,,SearchUI.exe,1217,2.23E+12,974848,C:\Windows\SystemApps\Microsoft.Windows.Cortana_cw5n1h2txyewy\SearchUI.exe,PCWIN101337,32215833-8848-496c-bc78-53ee82512e99,TRUE,2,Win32_Process,CIM_Process,CIM_ManagedSystemElement,"Win32_Process.Handle=""5696""",45,CIM_Process CIM_LogicalElement CIM_ManagedSystemElement,PCWIN101337,root\cimv2,"\\PCWIN101337\root\cimv2:Win32_Process.Handle=""5696""",SearchUI.exe,"""C:\Windows\SystemApps\Microsoft.Windows.Cortana_cw5n1h2txyewy\SearchUI.exe"" -ServerName:CortanaUI.AppXa50dqqa5gqv4a428c9y1jjw7m3btvepj.mca",Win32_Process,20180202105701.213119+000,Win32_ComputerSystem,PCWIN101337,SearchUI.exe,C:\Windows\SystemApps\Microsoft.Windows.Cortana_cw5n1h2txyewy\SearchUI.exe,,5696,1217,,22031250,1380,200,SearchUI.exe,Win32_OperatingSystem,Microsoft Windows 10 Enterprise|C:\Windows|\Device\Harddisk0\Partition1,6529,3265583,144239,86604,848,106972,2.23E+12,122232,8,88682496,5696,80,729,87,870,18584,75536711,1,,,41,55000000,2.23E+12,10.0.14393,974848,208,5180
EEFFD9259D6D6CFDBDC71F24730566BB,NT AUTHORITY\LOCAL SERVICE,,WUDFHost.exe,411,2.20E+12,3141632,C:\Windows\System32\WUDFHost.exe,PCWIN101337,32215833-8848-496c-bc78-53ee82512e99,TRUE,2,Win32_Process,CIM_Process,CIM_ManagedSystemElement,"Win32_Process.Handle=""4288""",45,CIM_Process CIM_LogicalElement CIM_ManagedSystemElement,PCWIN101337,root\cimv2,"\\PCWIN101337\root\cimv2:Win32_Process.Handle=""4288""",WUDFHost.exe,"""C:\Windows\System32\WUDFHost.exe"" -HostGUID:{193a1820-d9ac-4997-8c55-be817523f6aa} -IoEventPortName:HostProcess-6df97b00-7e6e-4e0c-ab5a-f4e30ce509b9 -SystemEventPortName:HostProcess-27862baf-97c2-40a0-8daa-4cefd69c87dc -IoCancelEventPortName:HostProcess-6a9ec240-3690-46b5-97ef-1fbd906f4538 -NonStateChangingEventPortName:HostProcess-bd366b72-92a8-4b2f-8384-f68a2cf7bfe6 -ServiceSID:S-1-5-80-2652678385-582572993-1835434367-1344795993-749280709 -LifetimeId:de02d9e7-9a3f-4d46-b628-ffc7c36b3bce -DeviceGroupId:WudfDefaultDevicePool",Win32_Process,20180202111734.842783+000,Win32_ComputerSystem,PCWIN101337,WUDFHost.exe,C:\Windows\System32\WUDFHost.exe,,4288,411,,3437500,1380,200,WUDFHost.exe,Win32_OperatingSystem,Microsoft Windows 10 Enterprise|C:\Windows|\Device\Harddisk0\Partition1,2506,141894,3932,2612,1068,2724,2.20E+12,10212,8,2674688,4288,14,87,16,87,4,0,0,,,7,3125000,2.20E+12,10.0.14393,3141632,0,0
3B508CAE5DEBCBA928B5BC355517E2E6,PCWIN101337\developer,,notepad.exe,185,2.20E+12,5402624,C:\Windows\system32\NOTEPAD.EXE,PCWIN101337,32215833-8848-496c-bc78-53ee82512e99,TRUE,2,Win32_Process,CIM_Process,CIM_ManagedSystemElement,"Win32_Process.Handle=""4596""",45,CIM_Process CIM_LogicalElement CIM_ManagedSystemElement,PCWIN101337,root\cimv2,"\\PCWIN101337\root\cimv2:Win32_Process.Handle=""4596""",notepad.exe,"""C:\Windows\system32\NOTEPAD.EXE"" C:\Users\developer\Desktop\password.txt",Win32_Process,20180202115736.207858+000,Win32_ComputerSystem,PCWIN101337,notepad.exe,C:\Windows\system32\NOTEPAD.EXE,,4596,185,,625000,1380,200,notepad.exe,Win32_OperatingSystem,Microsoft Windows 10 Enterprise|C:\Windows|\Device\Harddisk0\Partition1,126,524,6062,2136,676,2492,2.20E+12,16780,8,2187264,4596,12,234,13,243,2,9325,1,,,1,0,2.20E+12,10.0.14393,5402624,0,0
D8E539426644A0F23CBF53DD0A5EE079,NT AUTHORITY\SYSTEM,,WmiPrvSE.exe,145,2.20E+12,9289728,C:\Windows\system32\wbem\wmiprvse.exe,PCWIN101337,32215833-8848-496c-bc78-53ee82512e99,TRUE,2,Win32_Process,CIM_Process,CIM_ManagedSystemElement,"Win32_Process.Handle=""2768""",45,CIM_Process CIM_LogicalElement CIM_ManagedSystemElement,PCWIN101337,root\cimv2,"\\PCWIN101337\root\cimv2:Win32_Process.Handle=""2768""",WmiPrvSE.exe,C:\Windows\system32\wbem\wmiprvse.exe,Win32_Process,20180205164408.067795+000,Win32_ComputerSystem,PCWIN101337,WmiPrvSE.exe,C:\Windows\system32\wbem\wmiprvse.exe,,2768,145,,156250,1380,200,WmiPrvSE.exe,Win32_OperatingSystem,Microsoft Windows 10 Enterprise|C:\Windows|\Device\Harddisk0\Partition1,741,4782,2429,2304,848,4360,2.20E+12,9128,8,2359296,2768,12,70,14,72,1,11445,0,,,7,0,2.20E+12,10.0.14393,9289728,0,0
0A498BB1EEE3B3D4AF46464CC5B675C0,NT AUTHORITY\LOCAL SERVICE,,audiodg.exe,160,2.20E+12,12124160,C:\Windows\system32\AUDIODG.EXE,PCWIN101337,32215833-8848-496c-bc78-53ee82512e99,TRUE,2,Win32_Process,CIM_Process,CIM_ManagedSystemElement,"Win32_Process.Handle=""3772""",45,CIM_Process CIM_LogicalElement CIM_ManagedSystemElement,PCWIN101337,root\cimv2,"\\PCWIN101337\root\cimv2:Win32_Process.Handle=""3772""",audiodg.exe,C:\Windows\system32\AUDIODG.EXE 0x1b0,Win32_Process,20180205164416.019666+000,Win32_ComputerSystem,PCWIN101337,audiodg.exe,C:\Windows\system32\AUDIODG.EXE,,3772,160,,1250000,9944,8764,audiodg.exe,Win32_OperatingSystem,Microsoft Windows 10 Enterprise|C:\Windows|\Device\Harddisk0\Partition1,703,18940,3887,6144,1632,7012,2.20E+12,12744,8,6291456,3772,11,74,13,75,1,6677,0,,,8,1250000,2.20E+12,10.0.14393,12124160,0,0
Get-WmiObject query returned no executable path.,NT AUTHORITY\SYSTEM,,svchost.exe,136,2.20E+12,8921088,,PCWIN101337,32215833-8848-496c-bc78-53ee82512e99,TRUE,2,Win32_Process,CIM_Process,CIM_ManagedSystemElement,"Win32_Process.Handle=""2152""",45,CIM_Process CIM_LogicalElement CIM_ManagedSystemElement,PCWIN101337,root\cimv2,"\\PCWIN101337\root\cimv2:Win32_Process.Handle=""2152""",svchost.exe,,Win32_Process,20180205164443.842037+000,Win32_ComputerSystem,PCWIN101337,svchost.exe,,,2152,136,,468750,,,svchost.exe,Win32_OperatingSystem,Microsoft Windows 10 Enterprise|C:\Windows|\Device\Harddisk0\Partition1,369,2340,4698,2020,772,3168,2.20E+12,9800,8,2068480,2152,10,78,10,78,886,903377,0,,,5,625000,2.20E+12,10.0.14393,8921088,0,0
677E32495213F015FFA7FF435B6A57B0,PCWIN101337\developer,,regsvr32.exe,284,152547328,14426112,C:\Windows\SysWOW64\regsvr32.exe,PCWIN101337,32215833-8848-496c-bc78-53ee82512e99,TRUE,2,Win32_Process,CIM_Process,CIM_ManagedSystemElement,"Win32_Process.Handle=""228""",45,CIM_Process CIM_LogicalElement CIM_ManagedSystemElement,PCWIN101337,root\cimv2,"\\PCWIN101337\root\cimv2:Win32_Process.Handle=""228""",regsvr32.exe,regsvr32.exe,Win32_Process,20180205164706.031830+000,Win32_ComputerSystem,PCWIN101337,regsvr32.exe,C:\Windows\SysWOW64\regsvr32.exe,,228,284,,7343750,1380,200,regsvr32.exe,Win32_OperatingSystem,Microsoft Windows 10 Enterprise|C:\Windows|\Device\Harddisk0\Partition1,8730,158230,36478,8692,4496,12008,159207424,17364,8,8900608,228,22,208,27,230,0,0,1,,,21,312500,152547328,10.0.14393,14426112,2,22042
677E32495213F015FFA7FF435B6A57B0,PCWIN101337\developer,,regsvr32.exe,155,135872512,9347072,C:\Windows\SysWOW64\regsvr32.exe,PCWIN101337,32215833-8848-496c-bc78-53ee82512e99,TRUE,2,Win32_Process,CIM_Process,CIM_ManagedSystemElement,"Win32_Process.Handle=""4020""",45,CIM_Process CIM_LogicalElement CIM_ManagedSystemElement,PCWIN101337,root\cimv2,"\\PCWIN101337\root\cimv2:Win32_Process.Handle=""4020""",regsvr32.exe,"""C:\Windows\SysWOW64\regsvr32.exe""",Win32_Process,20180205164707.349364+000,Win32_ComputerSystem,PCWIN101337,regsvr32.exe,C:\Windows\SysWOW64\regsvr32.exe,,4020,155,,312500,1380,200,regsvr32.exe,Win32_OperatingSystem,Microsoft Windows 10 Enterprise|C:\Windows|\Device\Harddisk0\Partition1,1014,9982,2826,6024,228,6104,137183232,9156,8,6168576,4020,15,190,15,190,0,0,1,,,7,156250,135872512,10.0.14393,9347072,0,0
D5C506982B89F5C7CB1494174DFD5EE1,NT AUTHORITY\SYSTEM,,SearchProtocolHost.exe,336,2.20E+12,13426688,C:\Windows\system32\SearchProtocolHost.exe,PCWIN101337,32215833-8848-496c-bc78-53ee82512e99,TRUE,2,Win32_Process,CIM_Process,CIM_ManagedSystemElement,"Win32_Process.Handle=""2736""",45,CIM_Process CIM_LogicalElement CIM_ManagedSystemElement,PCWIN101337,root\cimv2,"\\PCWIN101337\root\cimv2:Win32_Process.Handle=""2736""",SearchProtocolHost.exe,"""C:\Windows\system32\SearchProtocolHost.exe"" Global\UsGthrFltPipeMssGthrPipe34_ Global\UsGthrCtrlFltPipeMssGthrPipe34 1 -2147483646 ""Software\Microsoft\Windows Search"" ""Mozilla/4.0 (compatible; MSIE 6.0; Windows NT; MS Search 4.0 Robot)"" ""C:\ProgramData\Microsoft\Search\Data\Temp\usgthrsvc"" ""DownLevelDaemon"" ",Win32_Process,20180205164836.764831+000,Win32_ComputerSystem,PCWIN101337,SearchProtocolHost.exe,C:\Windows\system32\SearchProtocolHost.exe,,2736,336,,3906250,32768,200,SearchProtocolHost.exe,Win32_OperatingSystem,Microsoft Windows 10 Enterprise|C:\Windows|\Device\Harddisk0\Partition1,1392,17168,24962,2620,3164,2876,2.20E+12,13444,4,2682880,2736,12,149,13,149,206,26368000,0,,,8,2500000,2.20E+12,10.0.14393,13426688,2,248
6D994905C62A6F295D1C2460FCF86D9A,NT AUTHORITY\SYSTEM,,SearchFilterHost.exe,116,2.20E+12,8556544,C:\Windows\system32\SearchFilterHost.exe,PCWIN101337,32215833-8848-496c-bc78-53ee82512e99,TRUE,2,Win32_Process,CIM_Process,CIM_ManagedSystemElement,"Win32_Process.Handle=""5148""",45,CIM_Process CIM_LogicalElement CIM_ManagedSystemElement,PCWIN101337,root\cimv2,"\\PCWIN101337\root\cimv2:Win32_Process.Handle=""5148""",SearchFilterHost.exe,"""C:\Windows\system32\SearchFilterHost.exe"" 0 640 644 652 8192 648 ",Win32_Process,20180205164836.979960+000,Win32_ComputerSystem,PCWIN101337,SearchFilterHost.exe,C:\Windows\system32\SearchFilterHost.exe,,5148,116,,3906250,32768,200,SearchFilterHost.exe,Win32_OperatingSystem,Microsoft Windows 10 Enterprise|C:\Windows|\Device\Harddisk0\Partition1,327,5228,31027,2152,3164,2156,2.20E+12,8472,4,2203648,5148,9,87,9,87,364,11339,0,,,8,2343750,2.20E+12,10.0.14393,8556544,0,0
B19DFE6D79E636FA706490FA17F34356,PCWIN101337\developer,,wsmprovhost.exe,716,2.20E+12,135946240,C:\Windows\system32\wsmprovhost.exe,PCWIN101337,32215833-8848-496c-bc78-53ee82512e99,TRUE,2,Win32_Process,CIM_Process,CIM_ManagedSystemElement,"Win32_Process.Handle=""4044""",45,CIM_Process CIM_LogicalElement CIM_ManagedSystemElement,PCWIN101337,root\cimv2,"\\PCWIN101337\root\cimv2:Win32_Process.Handle=""4044""",wsmprovhost.exe,C:\Windows\system32\wsmprovhost.exe -Embedding,Win32_Process,20180205164850.021170+000,Win32_ComputerSystem,PCWIN101337,wsmprovhost.exe,C:\Windows\system32\wsmprovhost.exe,,4044,716,,34062500,1380,200,wsmprovhost.exe,Win32_OperatingSystem,Microsoft Windows 10 Enterprise|C:\Windows|\Device\Harddisk0\Partition1,47111,1439416,118611,101692,848,140916,2.20E+12,172092,8,104132608,4044,36,540,66,551,235895,361829551,0,,,24,65312500,2.20E+12,10.0.14393,135946240,74167,340496338
D8E539426644A0F23CBF53DD0A5EE079,NT AUTHORITY\NETWORK SERVICE,,WmiPrvSE.exe,147,2.20E+12,8675328,C:\Windows\system32\wbem\wmiprvse.exe,PCWIN101337,32215833-8848-496c-bc78-53ee82512e99,TRUE,2,Win32_Process,CIM_Process,CIM_ManagedSystemElement,"Win32_Process.Handle=""4500""",45,CIM_Process CIM_LogicalElement CIM_ManagedSystemElement,PCWIN101337,root\cimv2,"\\PCWIN101337\root\cimv2:Win32_Process.Handle=""4500""",WmiPrvSE.exe,C:\Windows\system32\wbem\wmiprvse.exe,Win32_Process,20180205164918.561787+000,Win32_ComputerSystem,PCWIN101337,WmiPrvSE.exe,C:\Windows\system32\wbem\wmiprvse.exe,,4500,147,,468750,1380,200,WmiPrvSE.exe,Win32_OperatingSystem,Microsoft Windows 10 Enterprise|C:\Windows|\Device\Harddisk0\Partition1,105,394,2300,2504,848,2504,2.20E+12,8600,8,2564096,4500,10,69,10,70,1,11388,0,,,9,0,2.20E+12,10.0.14393,8675328,0,0
