ImageName,PID,SessionName,SessionNum,MemUsage,Status,UserName,CPUTime,WindowTitle,PSComputerName,RunspaceId,PSShowComputerName
System Idle Process,0,Services,0,4 K,Unknown,NT AUTHORITY\SYSTEM,04:31:08,N/A,PCWIN101337,32215833-8848-496c-bc78-53ee82512e99,TRUE
System,4,Services,0,20 K,Unknown,N/A,00:06:50,N/A,PCWIN101337,32215833-8848-496c-bc78-53ee82512e99,TRUE
smss.exe,504,Services,0,36 K,Unknown,NT AUTHORITY\SYSTEM,00:00:00,N/A,PCWIN101337,32215833-8848-496c-bc78-53ee82512e99,TRUE
csrss.exe,592,Services,0,"1,684 K",Unknown,NT AUTHORITY\SYSTEM,00:00:02,N/A,PCWIN101337,32215833-8848-496c-bc78-53ee82512e99,TRUE
csrss.exe,660,Console,1,"2,900 K",Unknown,NT AUTHORITY\SYSTEM,00:00:02,N/A,PCWIN101337,32215833-8848-496c-bc78-53ee82512e99,TRUE
wininit.exe,668,Services,0,28 K,Unknown,NT AUTHORITY\SYSTEM,00:00:00,N/A,PCWIN101337,32215833-8848-496c-bc78-53ee82512e99,TRUE
winlogon.exe,716,Console,1,"1,688 K",Unknown,NT AUTHORITY\SYSTEM,00:00:00,N/A,PCWIN101337,32215833-8848-496c-bc78-53ee82512e99,TRUE
services.exe,772,Services,0,"4,352 K",Unknown,NT AUTHORITY\SYSTEM,00:00:06,N/A,PCWIN101337,32215833-8848-496c-bc78-53ee82512e99,TRUE
lsass.exe,780,Services,0,"6,232 K",Unknown,NT AUTHORITY\SYSTEM,00:00:09,N/A,PCWIN101337,32215833-8848-496c-bc78-53ee82512e99,TRUE
svchost.exe,848,Services,0,"11,932 K",Unknown,NT AUTHORITY\SYSTEM,00:00:06,N/A,PCWIN101337,32215833-8848-496c-bc78-53ee82512e99,TRUE
svchost.exe,900,Services,0,"7,124 K",Unknown,NT AUTHORITY\NETWORK SERVICE,00:00:09,N/A,PCWIN101337,32215833-8848-496c-bc78-53ee82512e99,TRUE
dwm.exe,992,Console,1,"34,400 K",Unknown,Window Manager\DWM-1,00:00:12,N/A,PCWIN101337,32215833-8848-496c-bc78-53ee82512e99,TRUE
svchost.exe,664,Services,0,"26,232 K",Unknown,NT AUTHORITY\SYSTEM,00:01:02,N/A,PCWIN101337,32215833-8848-496c-bc78-53ee82512e99,TRUE
svchost.exe,556,Services,0,"12,492 K",Unknown,NT AUTHORITY\LOCAL SERVICE,00:00:02,N/A,PCWIN101337,32215833-8848-496c-bc78-53ee82512e99,TRUE
svchost.exe,912,Services,0,"16,204 K",Unknown,NT AUTHORITY\LOCAL SERVICE,00:03:35,N/A,PCWIN101337,32215833-8848-496c-bc78-53ee82512e99,TRUE
svchost.exe,1028,Services,0,"9,912 K",Unknown,NT AUTHORITY\LOCAL SERVICE,00:00:02,N/A,PCWIN101337,32215833-8848-496c-bc78-53ee82512e99,TRUE
svchost.exe,1068,Services,0,"8,496 K",Unknown,NT AUTHORITY\SYSTEM,00:00:20,N/A,PCWIN101337,32215833-8848-496c-bc78-53ee82512e99,TRUE
dasHost.exe,1184,Services,0,184 K,Unknown,NT AUTHORITY\LOCAL SERVICE,00:00:00,N/A,PCWIN101337,32215833-8848-496c-bc78-53ee82512e99,TRUE
svchost.exe,1348,Services,0,"3,456 K",Unknown,NT AUTHORITY\LOCAL SERVICE,00:00:01,N/A,PCWIN101337,32215833-8848-496c-bc78-53ee82512e99,TRUE
svchost.exe,1380,Services,0,"14,928 K",Unknown,NT AUTHORITY\NETWORK SERVICE,00:00:12,N/A,PCWIN101337,32215833-8848-496c-bc78-53ee82512e99,TRUE
vmacthlp.exe,1516,Services,0,204 K,Unknown,NT AUTHORITY\SYSTEM,00:00:00,N/A,PCWIN101337,32215833-8848-496c-bc78-53ee82512e99,TRUE
svchost.exe,1632,Services,0,"5,648 K",Unknown,NT AUTHORITY\LOCAL SERVICE,00:00:00,N/A,PCWIN101337,32215833-8848-496c-bc78-53ee82512e99,TRUE
svchost.exe,1704,Services,0,512 K,Unknown,NT AUTHORITY\LOCAL SERVICE,00:00:00,N/A,PCWIN101337,32215833-8848-496c-bc78-53ee82512e99,TRUE
spoolsv.exe,1844,Services,0,"2,368 K",Unknown,NT AUTHORITY\SYSTEM,00:00:00,N/A,PCWIN101337,32215833-8848-496c-bc78-53ee82512e99,TRUE
BtwRSupportService.exe,1964,Services,0,280 K,Unknown,NT AUTHORITY\SYSTEM,00:00:00,N/A,PCWIN101337,32215833-8848-496c-bc78-53ee82512e99,TRUE
svchost.exe,1980,Services,0,"5,520 K",Unknown,NT AUTHORITY\SYSTEM,00:00:01,N/A,PCWIN101337,32215833-8848-496c-bc78-53ee82512e99,TRUE
openvpnserv.exe,1480,Services,0,216 K,Unknown,NT AUTHORITY\SYSTEM,00:00:00,N/A,PCWIN101337,32215833-8848-496c-bc78-53ee82512e99,TRUE
Sysmon.exe,1588,Services,0,"16,092 K",Unknown,NT AUTHORITY\SYSTEM,00:02:27,N/A,PCWIN101337,32215833-8848-496c-bc78-53ee82512e99,TRUE
svchost.exe,1656,Services,0,"15,724 K",Unknown,NT AUTHORITY\SYSTEM,00:00:06,N/A,PCWIN101337,32215833-8848-496c-bc78-53ee82512e99,TRUE
Memory Compression,2056,Services,0,8 K,Unknown,NT AUTHORITY\SYSTEM,00:00:00,N/A,PCWIN101337,32215833-8848-496c-bc78-53ee82512e99,TRUE
vmtoolsd.exe,2060,Services,0,"7,200 K",Unknown,NT AUTHORITY\SYSTEM,00:00:39,N/A,PCWIN101337,32215833-8848-496c-bc78-53ee82512e99,TRUE
VGAuthService.exe,2076,Services,0,420 K,Unknown,NT AUTHORITY\SYSTEM,00:00:00,N/A,PCWIN101337,32215833-8848-496c-bc78-53ee82512e99,TRUE
MsMpEng.exe,2096,Services,0,"115,048 K",Unknown,NT AUTHORITY\SYSTEM,00:04:26,N/A,PCWIN101337,32215833-8848-496c-bc78-53ee82512e99,TRUE
WmiPrvSE.exe,2688,Services,0,"9,980 K",Unknown,NT AUTHORITY\NETWORK SERVICE,00:00:24,N/A,PCWIN101337,32215833-8848-496c-bc78-53ee82512e99,TRUE
dllhost.exe,2200,Services,0,"2,472 K",Unknown,NT AUTHORITY\SYSTEM,00:00:00,N/A,PCWIN101337,32215833-8848-496c-bc78-53ee82512e99,TRUE
msdtc.exe,3188,Services,0,340 K,Unknown,NT AUTHORITY\NETWORK SERVICE,00:00:00,N/A,PCWIN101337,32215833-8848-496c-bc78-53ee82512e99,TRUE
sihost.exe,3608,Console,1,"12,624 K",Unknown,PCWIN101337\developer,00:00:06,N/A,PCWIN101337,32215833-8848-496c-bc78-53ee82512e99,TRUE
svchost.exe,3616,Console,1,"4,276 K",Unknown,PCWIN101337\developer,00:00:00,N/A,PCWIN101337,32215833-8848-496c-bc78-53ee82512e99,TRUE
taskhostw.exe,3696,Console,1,"11,108 K",Unknown,PCWIN101337\developer,00:00:02,N/A,PCWIN101337,32215833-8848-496c-bc78-53ee82512e99,TRUE
RuntimeBroker.exe,3976,Console,1,"20,812 K",Unknown,PCWIN101337\developer,00:00:08,N/A,PCWIN101337,32215833-8848-496c-bc78-53ee82512e99,TRUE
SearchIndexer.exe,3164,Services,0,"29,232 K",Unknown,NT AUTHORITY\SYSTEM,00:00:47,N/A,PCWIN101337,32215833-8848-496c-bc78-53ee82512e99,TRUE
MSASCuiL.exe,5076,Console,1,"6,252 K",Unknown,PCWIN101337\developer,00:00:00,N/A,PCWIN101337,32215833-8848-496c-bc78-53ee82512e99,TRUE
vmtoolsd.exe,5116,Console,1,"13,172 K",Unknown,PCWIN101337\developer,00:00:38,N/A,PCWIN101337,32215833-8848-496c-bc78-53ee82512e99,TRUE
OneDrive.exe,3812,Console,1,"2,572 K",Unknown,PCWIN101337\developer,00:00:02,N/A,PCWIN101337,32215833-8848-496c-bc78-53ee82512e99,TRUE
openvpn-gui.exe,4136,Console,1,236 K,Unknown,PCWIN101337\developer,00:00:00,N/A,PCWIN101337,32215833-8848-496c-bc78-53ee82512e99,TRUE
ApplicationFrameHost.exe,4836,Console,1,"15,928 K",Unknown,PCWIN101337\developer,00:00:01,N/A,PCWIN101337,32215833-8848-496c-bc78-53ee82512e99,TRUE
EMET_Service.exe,4444,Services,0,452 K,Unknown,NT AUTHORITY\SYSTEM,00:00:00,N/A,PCWIN101337,32215833-8848-496c-bc78-53ee82512e99,TRUE
EMET_Agent.exe,5084,Console,1,"1,112 K",Unknown,PCWIN101337\developer,00:00:02,N/A,PCWIN101337,32215833-8848-496c-bc78-53ee82512e99,TRUE
powershell.exe,5580,Console,1,"116,188 K",Unknown,PCWIN101337\developer,00:00:18,N/A,PCWIN101337,32215833-8848-496c-bc78-53ee82512e99,TRUE
conhost.exe,5588,Console,1,"4,808 K",Unknown,PCWIN101337\developer,00:00:00,N/A,PCWIN101337,32215833-8848-496c-bc78-53ee82512e99,TRUE
dllhost.exe,4256,Console,1,"1,324 K",Unknown,PCWIN101337\developer,00:00:00,N/A,PCWIN101337,32215833-8848-496c-bc78-53ee82512e99,TRUE
MpCmdRun.exe,6052,Services,0,"1,396 K",Unknown,NT AUTHORITY\NETWORK SERVICE,00:00:00,N/A,PCWIN101337,32215833-8848-496c-bc78-53ee82512e99,TRUE
taskhostw.exe,3864,Console,1,"10,188 K",Unknown,PCWIN101337\developer,00:00:00,N/A,PCWIN101337,32215833-8848-496c-bc78-53ee82512e99,TRUE
explorer.exe,676,Console,1,"82,292 K",Unknown,PCWIN101337\developer,00:00:51,N/A,PCWIN101337,32215833-8848-496c-bc78-53ee82512e99,TRUE
ShellExperienceHost.exe,5624,Console,1,"43,388 K",Unknown,PCWIN101337\developer,00:00:02,N/A,PCWIN101337,32215833-8848-496c-bc78-53ee82512e99,TRUE
SearchUI.exe,5696,Console,1,952 K,Unknown,PCWIN101337\developer,00:00:07,N/A,PCWIN101337,32215833-8848-496c-bc78-53ee82512e99,TRUE
WUDFHost.exe,4288,Services,0,"3,068 K",Unknown,NT AUTHORITY\LOCAL SERVICE,00:00:00,N/A,PCWIN101337,32215833-8848-496c-bc78-53ee82512e99,TRUE
notepad.exe,4596,Console,1,"5,276 K",Unknown,PCWIN101337\developer,00:00:00,N/A,PCWIN101337,32215833-8848-496c-bc78-53ee82512e99,TRUE
WmiPrvSE.exe,2768,Services,0,"9,072 K",Unknown,NT AUTHORITY\SYSTEM,00:00:00,N/A,PCWIN101337,32215833-8848-496c-bc78-53ee82512e99,TRUE
audiodg.exe,3772,Services,0,"11,840 K",Unknown,NT AUTHORITY\LOCAL SERVICE,00:00:00,N/A,PCWIN101337,32215833-8848-496c-bc78-53ee82512e99,TRUE
svchost.exe,2152,Services,0,"8,712 K",Unknown,NT AUTHORITY\SYSTEM,00:00:00,N/A,PCWIN101337,32215833-8848-496c-bc78-53ee82512e99,TRUE
regsvr32.exe,228,Console,1,"14,008 K",Unknown,PCWIN101337\developer,00:00:00,N/A,PCWIN101337,32215833-8848-496c-bc78-53ee82512e99,TRUE
regsvr32.exe,4020,Console,1,"9,128 K",Unknown,PCWIN101337\developer,00:00:00,N/A,PCWIN101337,32215833-8848-496c-bc78-53ee82512e99,TRUE
SearchProtocolHost.exe,2736,Services,0,"13,188 K",Unknown,NT AUTHORITY\SYSTEM,00:00:00,N/A,PCWIN101337,32215833-8848-496c-bc78-53ee82512e99,TRUE
SearchFilterHost.exe,5148,Services,0,"8,356 K",Unknown,NT AUTHORITY\SYSTEM,00:00:00,N/A,PCWIN101337,32215833-8848-496c-bc78-53ee82512e99,TRUE
wsmprovhost.exe,4044,Services,0,"119,948 K",Unknown,PCWIN101337\developer,00:00:04,N/A,PCWIN101337,32215833-8848-496c-bc78-53ee82512e99,TRUE
WmiPrvSE.exe,4500,Services,0,"8,472 K",Unknown,NT AUTHORITY\NETWORK SERVICE,00:00:00,N/A,PCWIN101337,32215833-8848-496c-bc78-53ee82512e99,TRUE
tasklist.exe,2352,Services,0,"7,644 K",Unknown,PCWIN101337\developer,00:00:00,N/A,PCWIN101337,32215833-8848-496c-bc78-53ee82512e99,TRUE
conhost.exe,6996,Services,0,"9,508 K",Unknown,PCWIN101337\developer,00:00:00,N/A,PCWIN101337,32215833-8848-496c-bc78-53ee82512e99,TRUE
